label,n,n_clusters,beta_3,se,p,controls
1_baseline_B1,317686,184,5.685928620859325,1.0798997962620527,1.4000843884254266e-07,
2_plus_wind_solar_levels,317686,184,5.654960725664274,1.092473940941649,2.2634289376100014e-07,"wind_z,solar_z"
3_plus_crit_x_VRE,317686,184,5.41153730457688,1.1067975249232809,1.011616665547166e-06,"wind_z,solar_z,crit_x_vre"
4_plus_cal_month_FE,317686,184,5.411846412534719,1.1066539300787832,1.0069318223671075e-06,"wind_z,solar_z,crit_x_vre,month_11,month_12"
