label,n,n_clusters,beta_3,se,p,controls
1_baseline_B1,177136,184,8.779893481134678,1.6500258414556643,1.0316196985549198e-07,
2_plus_wind_solar_levels,177136,184,8.958117615302537,1.652397898413717,5.9172600153090116e-08,"wind_z,solar_z"
3_plus_crit_x_VRE,177136,184,8.911752593559777,1.6794255884151224,1.1179369563407704e-07,"wind_z,solar_z,crit_x_vre"
4_plus_cal_month_FE,177136,184,8.895303838717942,1.67981830329065,1.1875849170728259e-07,"wind_z,solar_z,crit_x_vre,month_11,month_12"
