label,n,n_clusters,beta_3,se,p,controls
1_baseline_B1,225897,184,4.847503332365303,0.9759694868072535,6.804584438135919e-07,
2_plus_wind_solar_levels,225897,184,4.62888484722575,0.9866904728044861,2.714425127559039e-06,"wind_z,solar_z"
3_plus_crit_x_VRE,225897,184,4.4455047152987355,0.9843615617300727,6.2980029058579134e-06,"wind_z,solar_z,crit_x_vre"
4_plus_cal_month_FE,225897,184,4.444958509071476,0.9845447090618056,6.339597286020293e-06,"wind_z,solar_z,crit_x_vre,month_11,month_12"
