label,n,n_clusters,beta_3,se,p,controls
1_baseline_B1,278408,184,7.56118394533669,1.4248512956155865,1.1165964841630682e-07,
2_plus_wind_solar_levels,278408,184,7.6137513567755395,1.4477585730961091,1.4484686250426648e-07,"wind_z,solar_z"
3_plus_crit_x_VRE,278408,184,7.399495398079093,1.5232073037910683,1.186740185232793e-06,"wind_z,solar_z,crit_x_vre"
4_plus_cal_month_FE,278408,184,7.400680072434617,1.5235055193368174,1.1877789731773447e-06,"wind_z,solar_z,crit_x_vre,month_11,month_12"
