label,n,n_clusters,beta_3,se,p,controls
1_baseline_B1,248460,184,4.934975925914871,0.9883634249417073,5.942446514861643e-07,
2_plus_wind_solar_levels,248460,184,4.829364922848409,1.0007292655925804,1.3941048462307037e-06,"wind_z,solar_z"
3_plus_crit_x_VRE,248460,184,4.530124267716345,1.000420883971226,5.9483080887545725e-06,"wind_z,solar_z,crit_x_vre"
4_plus_cal_month_FE,248460,184,4.530461845621813,1.0001971815926631,5.9104214744643e-06,"wind_z,solar_z,crit_x_vre,month_11,month_12"
