term,coef,se,t,p
q1_bilat_GWh,-0.03727542513822468,0.0032050801458103637,-11.630107030849322,2.89734064032465e-31
R_3-sess,-0.22929505804452277,1.5828976431293549,-0.14485779231511858,0.8848231517072052
R_ISP15-win,4.7309202940415656,3.743009780191956,1.2639347936191996,0.20625343217418712
R_DA60/ID15,13.492850688675656,4.041440905179983,3.3386237743527665,0.0008419451155753984
R_DA15/ID15,13.032184740965674,4.197196435555003,3.104973746419949,0.0019029591437868991
