baseline_window,asymmetric_window_excess_eur_m,ci_lo,ci_hi
"FULL (2018-2024-05, default)",1094.9494078079742,-89.72951430940502,73.15830457958246
EXCL_CRISIS (drop 2022+2023),1061.6496390607342,-46.88722110025579,37.859407976856446
PRE-2022 (2018-2021 only),1048.1688453108693,-33.01127675255617,30.531805686852685
