regime,is_big4,mean,abs_mean,count
DA15/ID15,False,-97.50521453225421,136.38221108069507,16804
DA15/ID15,True,42.2109891740462,54.83646102894044,42121
DA60/ID15,False,-89.49065239024762,136.90048321659586,26127
DA60/ID15,True,32.40976853867363,47.9693194021187,68910
