regime,big4_effect,se,diff_vs_preida,diff_se,p
pre-IDA,146.4251566690462,0.43031939558725035,0.0,0.0,
3-sess,122.56340196703798,1.5986007748666866,-23.861754702008234,1.65541616335895,4.203534025960882e-47
ISP15-win,114.71611127687126,2.1249760689758066,-31.709045392174936,2.1680090469775313,1.9206446591962272e-48
DA60/ID15,121.93342296893596,2.475786167312426,-24.491733700110252,2.51295787814643,1.915450743221948e-22
DA15/ID15,139.79257199504232,3.038613336260601,-6.632584674003868,3.068770750968565,0.030670903860860032
