regime,n_isps,mean_p_actual,mean_p_synth,mean_mp,median_mp,rel_mp_pct
pre-IDA,147,0.0,0.0,0.0,0.0,
3-sess,1982,0.0,0.0,0.0,0.0,
ISP15 win,1062,0.0,0.0,0.0,0.0,
DA60/ID15,4900,57.007975510204076,49.14538163265306,7.86259387755102,2.19,13.7920945397257
DA15/ID15,10000,77.896748,68.415443,9.481305,5.854999999999997,12.171631349745178
