regime,firm,n_isps,mean_mp,mean_p_actual,rel_mp_pct
DA60/ID15,GE,4900,-0.28538367346938776,57.007975510204076,-0.5006030663521911
DA60/ID15,IB,4900,7.22325306122449,57.007975510204076,12.670600905537457
DA60/ID15,GN,4900,0.4852224489795919,57.007975510204076,0.8511483606232255
DA60/ID15,HC,4900,0.9280938775510204,57.007975510204076,1.6280070801407378
DA15/ID15,GE,10000,-0.22149299999999994,77.89686299999998,-0.2843413604473392
DA15/ID15,IB,10000,9.573796,77.89686299999998,12.290348585667694
DA15/ID15,GN,10000,-0.009492999999999962,77.89686299999998,-0.012186626822186618
DA15/ID15,HC,10000,0.671446,77.89686299999998,0.861967958838086
