"outcome","eff","lo","hi","p","n_pre","n_post"
"wedge_critical",0.680617102522247,-1.62465511081257,2.88094991628687,0.280082987551867,870,404
"wedge_midday",0.444246447175549,-2.56453551191558,3.34217596971793,0.394,870,404
"wedge_flat",0.212708655943077,-2.71295489882498,2.83397324354373,0.432284541723666,870,402
