"reform","side","response","eff","lo","hi","p","n_pre","n_post"
"ID15","real","da_price_eur",-38.3895560199093,-62.0114932916045,-11.3430524257503,0.00371747211895911,278,40
"ID15","placebo","da_price_eur",-13.709620139792,-39.7163857765865,11.8974239631016,0.142495250158328,279,40
"DA15","real","ida_price_eur",5.13204494343504,-16.7077740265171,26.8439072732837,0.318980169971671,155,40
"DA15","placebo","ida_price_eur",-6.54590627103673,-22.3992154789645,11.4780621050006,0.215528781793842,156,40
