reform,label,outcome,n,DiD,se,t
DA15,CCGT simple,sigma_p,50073,3.529486456357521,0.9803945425093252,3.6000674252263596
DA15,CCGT simple,n_eff,50073,0.2780847789499936,0.09410552278774063,2.9550314446180455
DA15,CCGT MIC,sigma_p,88185,-0.8966470821291015,1.2078309470030621,-0.7423614077399759
DA15,CCGT MIC,n_eff,88185,0.34906811607006843,0.0681431292633646,5.122572441910676
DA15,CCGT block,sigma_p,75143,0.29095834335596926,0.22433596297381858,1.2969759261912275
DA15,CCGT block,n_eff,75143,0.23078847573553338,0.031681657483302816,7.284608636942869
DA15,CCGT all (pooled),sigma_p,213401,1.2478316676559196,0.5657599574096835,2.2055849858464405
DA15,CCGT all (pooled),n_eff,213401,0.42421219609720207,0.04801048710428192,8.835823622780277
