"tag","spec","eff","se","p","n"
"ID15 IDA S1","OLS hourly --- + year-by-renew (2024+25 pooled)",-38.7867612314278,6.75542529399036,9.75414817441031e-09,7390
"ID15 IDA S2","OLS hourly --- + year-by-renew (2024+25 pooled)",-37.3809599783589,7.17809250840788,1.96360869047356e-07,7510
"ID15 IDA S3","OLS hourly --- + year-by-renew (2024+25 pooled)",-34.4044027288848,6.30715859905124,5.22168444640216e-08,3755
"DA15 IDA S1","OLS hourly --- + year-by-renew (2024+25 pooled)",17.8517417380693,10.3646401431797,0.0850265708679317,12934
"DA15 IDA S2","OLS hourly --- + year-by-renew (2024+25 pooled)",22.7741127315889,10.3501932006049,0.0277987329649227,13366
"DA15 IDA S3","OLS hourly --- + year-by-renew (2024+25 pooled)",12.7207639443555,11.0359133184816,0.249087183504601,6718
