firm_class,DA15_placebo_post,DA15_placebo_pre,DA15_real_post,DA15_real_pre,delta_real,delta_placebo,placebo_net
Fringe,12.200098901098901,6.067869594594595,16.35029471153846,10.988101234567901,5.362193476970559,6.132229306504306,-0.7700358295337475
GE,8.14399,7.643285526315789,7.279919565217392,7.790182894736842,-0.5102633295194501,0.5007044736842117,-1.0109678032036618
GN,10.822845070422536,6.1720125,23.214396551724136,10.621279310344827,12.593117241379309,4.650832570422536,7.942284670956773
HC,3.6453557377049184,0.7994882352941176,7.969862499999998,6.3068,1.663062499999998,2.8458675024108007,-1.1828050024108028
IB,9.439440298507463,4.315274,7.094481111111111,4.339615,2.7548661111111103,5.124166298507464,-2.3693001873963535
