spec,outcome,tech,n,DiD,se,t,pre_crit,post_crit,pre_flat,post_flat
DA15_samecal,sigma_p,All,312182,0.8618576430255942,1.2152502663274456,0.7092017725946905,23.720645834489126,21.0603795102016,21.300091525805275,16.88871478830345
DA15_samecal,n_eff,All,312182,-0.43773115331484613,0.06255413924231197,-6.997636904877469,3.9662169877330617,3.5756147377578427,3.394214341597974,3.2792157642513775
DA15_samecal,sigma_p,CCGT,156799,3.7636870631527444,2.564190731272418,1.4677874844688736,32.00671164942391,25.427648002076353,33.70315928918845,18.846121635436347
DA15_samecal,n_eff,CCGT,156799,-0.6441868049844879,0.11542946496861026,-5.580783079603351,4.180263428678049,3.3920914580395394,2.6642966573880478,2.2612847218644117
DA15_samecal,sigma_p,Hydro,130493,1.1305268046459993,0.42637858056085454,2.651462470649709,17.40025246911323,18.53594476675963,17.119175955661177,17.32240677783944
DA15_samecal,n_eff,Hydro,130493,-0.18213800120093554,0.042742085309146985,-4.261326977463995,4.090761592221896,3.838545514828063,3.9562848415050804,3.908053425447793
DA15_samecal,sigma_p,Hydro_pump,24890,1.3740686288954285,0.367341182142227,3.7405787744305163,3.2220539529742993,4.4580172155397895,2.6561782188185252,2.9547719640487347
DA15_samecal,n_eff,Hydro_pump,24890,-0.20756159881743275,0.05606058112035028,-3.702451788215353,2.1343438529953374,3.495656510117833,2.390278707021774,4.1324957129305995
