reform,market,outcome,n,DiD,se,t,pre_crit,post_crit,pre_flat,post_flat
ID15,IDA,p_clear,8652,-11.318433434106169,3.7194015620316176,-3.043079174253988,114.00488344988345,38.278339860748474,84.20284644194757,19.794736286919832
DA15,DA,p_clear,6440,26.698403326747666,2.506406209512161,10.652065585148769,79.40897233201582,86.91538290513833,85.17086956521739,65.97887681159419
