reform,label,outcome,n,theta_crit,se,t,mean_flat,mean_crit
ID15,IDA per-unit,D_price,23797,0.38044749397631916,0.0474212089020466,8.022728706941503,0.12226238098775369,0.5027098749640708
ID15,IDA per-unit,D_qty,23797,0.023429770938524247,0.002615149989670462,8.959245561848885,0.0070982297818431165,0.03052800072036736
DA15,DA per-unit,D_price,62379,1.323629022056183,0.10937204157368467,12.102078401493907,0.20566974880536606,1.529298770861545
DA15,DA per-unit,D_qty,62379,0.03239744380165277,0.001726138384043919,18.76874073430515,0.008297968597161918,0.04069541239881479
ID15,IDA system price,SD_price,1386,4.547573934844898,0.39696016561358916,11.455995660964177,2.4973536080377197,7.044927542882624
DA15,DA system price,SD_price,1288,3.965613946639067,0.369894286973925,10.720938620278327,2.4915507895741054,6.457164736213167
