reform,market,outcome,n,DiD,se,t,pre_crit,post_crit,pre_flat,post_flat
ID15,IDA,sigma_p,150350,1.7117744260463192,0.33803697072068933,5.0638674888040915,8.780195680265164,7.524410747768914,11.528725391029349,8.840870744509704
ID15,IDA,n_eff,150350,0.09628941249171596,0.11545207369415901,0.8340206408660417,3.9783381658060013,5.074492855460845,5.974490795010622,7.308523352256338
DA15,DA,sigma_p,317698,1.3620411126163656,0.33501597562038926,4.065600483959342,19.131945314395253,21.0603795102016,16.3416977151578,16.88871478830345
DA15,DA,n_eff,317698,0.13955216287771222,0.03520581403568301,3.9638953593366284,3.2164234977749726,3.5756147377578427,3.064786372342938,3.2792157642513775
